operator,operator_address,date_established,families_served,Longtitude,Latitude
Silangan Lias MPC,"Brgy. Silangan Lias, Barlig, Mountain Province",2/10/2010,-,121.13845,17.14557
Eastern Bontoc National Agricultural and Vocational High School (EBNAVHS) Teachers and Employees Consumers Cooperative ,"Brgy. Lingoy, Barlig, Mountain Province",2/10/2010,30,121.09288,17.05371
Saint Williams MPC,"Brgy. Butigue, Paracelis, Mountain Province",3/12/2012,-,121.43899,17.10943
Silangan Lias MPC,"Brgy. Silangan Lias, Barlig, Mountain Province",2/10/2010,350,121.13845,17.14557
BLGU/Bansa Balicog FarmersÍ Association,"Monamon Norte, Bauko, Mountain Province",9/21/2011,500,120.88858,16.90742
Bacdangan MPC,"Brgy. Sinto, Bauko, Mountain Province",4/17/2012,-,120.86553,16.85567
"Zumayngan Indigenous Farmers Association and Development, Inc.","Brgy. Talubin, Bontoc, Mountain Province",7/1/2011,450,120.9955,17.06024
Kapangan Central Consumers Cooperative ,"Central, Kapangan, Benguet",12/17/2009,337,120.59687,16.57519
Sagubo MPC,"Sitio Landing, Brgy. Sagubo, Kapangan, Benguet",12/17/2009,319,120.55141,16.59774
Gadang ARC MPC,"Keyang, Gadang, kapangan, Benguet",9/16/2008,312,120.58175,16.59553
San Ramon MPC,"Brgy. San Ramon West, Manabo, Abra",3/1/2009,3910,120.66919,17.39829
Green Gold RIC,"Twin Peaks, Tuba, Benguet",1/27/2010,1799,120.57201,16.2782
Pagala West WomenÍs Association,"Brgy. Pagala, Bucay, Abra",12/27/2011,350,120.70312,17.57332
Kayabang MPC,"Monglo, Bayabas, Sablan, Benguet",1/27/2010,135,120.50109,16.47754
MLGU,"Brgy. Cabaruan, Danglas, Abra",7/10/2008,200,120.66915,17.70552
Timpuyog Ti  Inna RIC,"Brgy. Salnec, Bucay, Abra",4/12/2012,-,120.64271,17.50818
Brgy. Banengbeng Bagsakan Consumers Cooperative,"Brgy. Banengbeng, Sablan, Benguet",1/1/2010,210,120.55967,16.494
Luba WomenÍs Federation for Peace and Development,"Poblacion, Luba, Abra",6/9/2010,1196,120.7167,17.2878
LGU,"Brgy. Poblacion, Natonin, Mountain Province",2/19/2009,1316,121.40226,17.21708
Gusaran MPC,"Gusaran, Kabayan, Benguet",12/1/2010,288,120.83128,16.65253
BLGU,"Brgy. Alunogan, Natonin, Mountain Province",2/15/2012,425,121.26861,17.07822
LGU-Adaoay,"Kinejang, Adaoay, Kabayan, Benguet",12/2/2010,130,120.83428,16.57599
Tubo CLC-ARB MPC,"Brgy. Supo, Tubo, Abra",6/16/2010,4353,120.6832,17.26125
Dagopan MPC,"Brgy. Poblacion, Natonin, Mountain Province",5/1/2011,1316,121.40226,17.217079
BLGU,"Brgy. Caba, Lagawe, Ifugao",3/10/2009,465,121.13942,16.78875
Bashoy Farmers Association Consumers Cooperative,"Lebeng, Bashoy, Kabayan, Benguet",3/15/2012,963,120.84783,16.57645
"Balococ,  Cashet, Tabu, Langag MPC","Balococ, Dalupirip, Itogon, Benguet",6/17/2010,500,120.72385,16.34302
Municipality of Pilar Officials and Employees MPC,"Pilar Municipal Hall Annex, Pilar, Abra",7/9/2008,300,-47.79196,-23.78499
Itogon Government Employees MPC,"Poblacion, Itogon, Benguet",7/27/2010,255,120.69393,16.41047
MLGU,"Brgy. 3 Poblacion, Dolores, Eastern Samar",-,-,125.44862,11.12132
San Roque Farmers and Displaced Workers Multi-Purpose Cooperative,"Brgy. Forest Drive Village No.1, San Roque, Bislig City, Surigao del Sur ",7/25/2008,2754,126.24308,8.24907
"Sto. Nio, Pontod, Pong-onm Hornasan Multi-Purpose Cooperative","Brgy. Sto. Nino, San Agustin, Surigao del Sur",3/11/2010,200,126.23522,8.76465
Rizal  Multi-Purpose Cooperative (new operator),"Brgy. Rizal, San Francisco, Agusan del Sur",3/31/2010,130,125.84646,8.49827
Barobo Taboan VendorsÍ Association (BATAVA),"Poblacion, Barobo, Surigao del Sur",4/23/2008,1350,126.11588,8.54011
Municipal Agriculture Office,"Brgy. Bad-as, Placer, Surigao del Norte",4/8/2009,131,125.56657,9.63714
Balangayan Butuan Cooperative,"Brgy. Pagatpatan, Butuan City, Agusan del Norte",3/26/2008,958,125.52625,8.99454
Patin-ay Multi-Purpose Cooperative,"Brgy. Patin-ay, Prosperidad, Agusan del Sur",1/19/2010,2310,125.93368,8.56045
Aclan Coconut FarmersÍ Multi-Purpose Cooperative,"Brgy. Aclan, Nasipit, Agusan del Norte",2/9/2011,700,125.30895,8.94094
Municipal Agriculture Office,"Brgy. Poblacion, Malimono, Surigao del Norte",6/27/2011,110,125.40223,9.62321
Manila de Bugabos Multi-Purpose Cooperative,"Brgy. Sto. Cruz, Butuan City, Agusan del Norte",7/26/2011,80,125.53233,8.94789
Marcelina WomenÍs Cooperative,"Brgy. Marcelina, Bayugan City, Agusan del Sur",6/20/2008 (re-opened 12/4/2011),150,125.7637,8.6993
San Roque Rural Improvement Club,"Brgy. San Roque, Madrid, Surigao del Sur",12/15/2010,170,125.93068,9.23488
Brgy. Council,"Brgy. Mabuhay, Prosperidad, Agusan Del Sur",4/29/2010,450,125.98359,8.68916
Lusiama IrrigatorsÍ Association,"Brgy. Lucena, Prosperidad, Agusan del Sur",7/27/2011,187,125.88482,8.57145
Lumbocan HomeownersÍ Integrated Cooperative,"Brgy. Lumbocan, Butuan City, Agusan del Norte",10/18/2008 (re-opened 10/11/2011),100,125.50876,9.00606
Brgy. Council,"Brgy. Diatagon, Tago, Surigao del Sur",-,120,126.21558,9.03559
Kitcharao Agusan del Norte ProducersÍ Corporation,"Poblacion, Kitcharao, Agusan del Norte",4/20/2010,954,125.58016,9.45563
"Crossing Luna, Beawan, Esperanza Vegetable ProducersÍ  Multi-Purpose Cooperative","Brgy. Crossing Luna, Esperanza, Agusan del Sur",3/25/2010,4000,125.67045,8.66479
Malambu-on Multi-Purpose Cooperative,"Brgy. Del Monte, Talacogon, Agusan del Sur",11/11/2011,500,125.82452,8.45029
Dumalagan Multi-Purpose Cooperative,"BFT Poblacion, Socorro, Siargao Island, Surigao Del Norte",11/18/2011,500,125.95408,9.60016
Castillo Village Rural Improvement Club,"Brgy. Castillo Village, Bislig City, Surigao del Sur",4/29/2010,1150,126.284775,8.210056
Amag FarmersÍ Organization,"Brgy. Amag, Bayabas, Surigao del Sur",12/15/2010,300,126.268508,8.941965
Esperanza FarmersÍ Credit Cooperative,"Brgy. Rizal, Santa Monica, Siargao Island, Surigao del Norte",4/15/2010,300,126.040013,10.032589
Municipal Government of Del Carmen ,"Poblacion, Del Carmen, Siargao Island, Surigao del Norte",4/1/2011,-,125.963745,9.625122
Soccoro Empowered PeopleÍs Cooperative,"Brgy. Poblacion, Socorro, Siargao Island, Surigao del Norte",3/20/2010,2500,125.963745,9.625122
Manapa Marketing and ConsumersÍ Association (new operator),"Brgy. Manapa, BuenaviSto., Agusan del Norte",10/17/2008,105,125.450005,8.978167
General Luna First Community Development Organization,"Brgy. Poblacion 3, General Luna, Siargao Island, Surigao del Norte",4/15/2010,500,126.167125,9.806877
Bunga Samahang Nayon,"Brgy. Bunga, Lanuza, Surigao del Sur",3/27/2010,405,126.073608,9.243093
Esperanza FarmersÍ Credit Cooperative,"Brgy.Esperanza, Del Carmen, Siargao Island, Surigao del Norte",4/15/2010,210,126.014523,9.864163
Tangbo WomenÍs Association,"Brgy. Tangbo, Sto. Monica, Siargao Island, Surigao del Norte",5/4/2010,50,126.046,9.84819
Brgy. Council,"Brgy. Consuelo, Bunawan, Agusan del Sur",4/27/2010,540,126.053696,8.168673
Burboanan ReforeSto.tion FarmersÍ Association,"Brgy. Burboanan, Bislig City, Surigao del Sur",4/23/2008,700,126.284843,8.210811
BLGU _ Brgy. Council,"Brgy. Bunga, Lanuza, Surigao del Sur",3/27/2010,405,126.073608,9.243093
BLGU _ Brgy. Council,"Mlang, North Cotabato",8/20/2010,2543,124.906551,6.938217
BLGU _ Brgy. Council,"President Quirino, Sultan Kudarat",4/13/2008,3492,124.740929,6.725584
BLGU _ Brgy. Council,"President Quirino, Sultan Kudarat",8/10/2010,2876,124.740929,6.725584
KALIPI WomenÍs Association,"Polomolok, South Cotabato",11/15/2010,2708,125.060841,6.224513
Sto. Teresita Bagong Sibul Association,"Sto. Nino, South Cotabato",7/8/2010,2371,124.674441,6.437151
Katipunan KALIPI WomenÍs Association,"Sto. Nino, South Cotabato",12/21/2010,3046,124.674441,6.437151
KALIPI WomenÍs Association,"Polomolok, South Cotabato",11/5/2007,2190,124.751981,6.319496
BLGU _ Brgy. Council,"Surallah, South Cotabato",10/1/2010,3710,125.060841,6.224513
BLGU _ Brgy. Council,"President Quirino, Sultan Kudarat",10/19/2009,2125,124.740929,6.725584
TIWA (Tapon Indigenous Women Association),"Glan, Sarangani Province",5/7/2009,2995,125.346625,5.760038
Nicaan Consortium of MRDP,"Libungan, North Cotabato",1/26/2009,1793,124.530684,7.316374
Landan Makabayan Magsasaka Cooperative,"Polomolok, South Cotabato",1/20/2010,4186,124.751981,6.319496
Muslim Lumad Christian Marketing Cooperative,"Aleosan, North Cotabato",10/20/2009,3295,124.630337,7.188938
Ulamian Vegetables Association,"Libungan, North Cotabato",10/9/2009,2678,124.530684,7.316374
BLGU _ Brgy. Council,"Maitum, Sarangani Provnce",7/21/2010,1882,124.486357,6.124081
"Dept. of Agriculture, Balindog Employees Association, DABEA","Kidapawan City, North Cotabato",7/8/2009,1500,125.091134,7.010607
BLGU _ Brgy. Council,"Midsayap, North Cotabato",9/28/2009,2968,124.530684,7.133551
Makilala Vegetables Farmers Multi-purpose Cooperative,"Makilala, North Cotabato",9/3/2010,2530,125.082859,6.923432
BLGU _ Brgy. Council,"Maitum, Sarangani Provnce",9/8/2010,7719,124.486357,6.124081
BLGU _ Brgy. Council,"Maitum, Sarangani Provnce",5/17/2009,4980,124.486357,6.124081
BLGU _ Brgy. Council,"Malapatan, Sarangani Province",10/2/2010,7875,125.285378,5.966339
BLGU _ Brgy. Council,"Maitum, Sarangani Provnce",5/5/2009,3526,124.486357,6.124081
RIC Tambilil,"Kiamba, Sarangani Provnce",5/6/2009,3018,124.641403,6.023393
Rural Improvement Club,"Kiamba, Sarangani Provnce",10/28/2010,5347,124.641403,6.023393
Katubao Tribal Community Multi-Purpose Cooperative,"Kiamba, Sarangani Provnce",9/23/2010,7361,124.641403,6.023393
BLGU _ Brgy. Council,"Kiamba, Sarangani Provnce",12/11/2009,3494,124.641403,6.023393
BLGU _ Brgy. Council,"Kiamba, Sarangani Province",12/8/2010,1500,124.641403,6.023393
BLGU _ Brgy. Council,"Glan, Sarangani Province",11/12/2009,2521,125.346625,5.760038
BLGU _ Brgy. Council,"Glan, Sarangani Province",11/11/2009,3000,125.346625,5.760038
BLGU _ Brgy. Council,General Santos City,4/12/2010,11812,125.171618,6.116386
Rosary Heights 8 KALIPI,"Notre Dame Village, Cotabato City",5/7/2011,4145,124.24321,7.190049
BLGU _ Brgy. Council,Cotabato City,12/13/2010,2433,124.242304,7.188335
Pansacala Vendors Association,Cotabato City,8/30/2008 (re-opened 2/26/2012),2300,124.242304,7.188335
BLGU _ Brgy. Council,"Malungon, Sarangani Province",12/14/2010,1550,125.258796,6.334303
Luhong Integrated Farmers Association,"Antipas, North Cotabato",11/6/2009,3100,125.060841,7.269984
BLGU _ Brgy. Council,"Malungon, Sarangani Province",12/14/2010,1550,125.258796,6.334303
BLGU _ Brgy. Council,"Antipas, North Cotabato",7/9/2010,1542,125.060841,7.269984
BLGU _ Brgy. Council,"Magpet, North Cotabato",7/31/2010,1747,125.170874,7.1332
City Food Terminal Multipurpose Cooperative (CCFTEMCO),"Bula, General Santos City",-,2708,125.195612,6.105264
FarmerÍs Association of Poblacion Mapet,"Magpet, North Cotabato",8/6/2008,3180,125.060841,7.269984
Advocate of Magpet for Transformation and Integrated Development Association,"Magpet, North Cotabato",11/13/2009,2055,125.060841,7.269984
BLGU _ Brgy. Council,"Pikit, North Cotabato",7/2/2010,2061,124.92861,7.208753
BLGU _ Brgy. Council,"Matalam, North Cotabato",10/20/2009,2705,124.61927,7.053144
BLGU _ Brgy. Council,Pikitm North Cotabato,9/24/2009,3384,124.92861,7.208753
BLGU _ Brgy. Council,"Mlang, North Cotabato",8/20/2010,2543,124.906551,6.938217
BLGU _ Brgy. Council,"Tacurong City, Sultan Kudarat",12/3/2009,2784,124.678774,6.687966
BLGU _ Brgy. Council,"Tacurong City, Sultan Kudarat",11/27/2009,2049,124.678774,6.687966
"Brgy. Dukay, RIC","Esperanza, Sultan Kudarat",4/11/2008,2888,124.544875,6.698899
OFW and Beneficiaries Association,"Isulan, Sultan Kudarat",9/9/2008,4987,124.597814,6.632264
BLGU _ Brgy. Council,"Lambayong, Sultan Kudarat",7/6/2010,2647,124.630697,6.807812
"KALIPI, Kalipunan ng Lipunang Pilipina","Isulan, Sultan Kudarat",7/20/2010,2531,124.597814,6.632264
BLGU _ Brgy. Council,"Bagumbayan, Sultan Kudarat",12/17/2008 (transferred location 6/12/2009),1808,124.563056,6.533026
 Tamugan WomenÍs RIC (TAWORIC),"Brgy. Tamugan, Marilog, Davao City",7/23/2010,235,125.3906,7.251051
B-LGU,"Brgy. Mabuhay, Bansalan, Davao del Sur",10/23/2008,400,125.217,6.78333
San Isidro Multi-Purpose Cooperative,"Brgy. San Isidro, Magsaysay, Davao Del Sur",9/8/2008,310,125.145284,6.789241
 B-LGU,"Brgy. Manga, Matanao, Davao del Sur",9/23/2010,490,125.196772,6.679099
Conservation Farming  Villages Farmers Association,"Brgy.  Mabunao, Panabo City, Davao Del Norte",12/15/2009,335,125.68412,7.308707
BLGU,"Brgy. Malativas Panabo City, Davao Del Norte",12/9/2008,470,125.690303,7.293904
SEAK ( Self Employment AssiSto.nce Kaunlaran )Womens,"Brgy. Balagunan, Sto. Tomas, Davao Del Norte",12/8/2010,350,125.632102,7.47801
SinadÍbadan Kag Tugallan Sebulan Cityside Cooperative,"Brgy. Buda, Toril District, Davao City",12/8/2009,80,125.26978,7.5336
 Malawanit Farmers MPC,"Brgy. Malawanit, Magsaysay, Davao del Sur",9/19/2008,4002,125.676729,7.372655
 Catumbal Fisherfolk and Mudcrab Multi Purpose Coop.,"Purok Catumbal, Brgy. La Paz, Carmen, Davao Del Norte",7/20/2010,420,125.676729,7.372655
Panabo Vegetable Growers Association,"Brgy.  Sto. Nino Panabo City, Davao Del Norte",8/6/2010,1033,125.684118,7.308707
Pasig Agrarian Reform Beneficiaries and Upland Farmers MPC,"Brgy. Pasig, Kiblawan, Davao del Sur",5/26/2011,390,125.512731,7.341669
 Buda FarmerÍs Cooperative (BFC),"Brgy. Buda, Marilog District, Davao City",7/16/2009,64,125.236692,7.520174
Brgy. Panalum RIC (Women),"Brgy. Panalum, Paquibato District, Davao Oriental",3/9/2009,40,125.494624,7.335756
B-LGU,"Brgy. Kiba-o, Matanao, Davao del Sur",7/13/2010,270,125.238132,6.753175
Bacungan  Farmers MPC,"Brgy. Bacungan, Magsaysay, Davao del Sur",9/17/2008,670,125.154378,6.750562
San Roque FarmerÍs Multi-purpose Cooperative ,"Brgy. Baracatan, Toril District, Davao City",11/18/2009,280,125.427979,6.971891
San Isidro MPC,"Brgy. San Isidro, Malalag, Davao del Sur",8/6/2009,385,125.399008,6.596076
Kinuskusan MPC,"Brgy. Kinuskusan, Bansalan, Davao del Sur",7/30/2008,225,125.168168,6.859334
"Bolton Coconut Farmers, Multipurpose Cooperative","Brgy. Bolton, Malalag, Davao del Sur",12/16/2009,450,125.398979,6.597255
Mabini Agro-Forestry Farmers Development Cooperative,"Brgy. Mabini, Malalag, Davao del Sur",12/14/2009,270,125.398979,6.597937
New Baclayon MPC,"Brgy. New Baclayon, Malalag, Davao del Sur",8/6/2009,860,125.368703,6.582536
 St. Michael MPC,"Brgy. Kasuga, Magsaysay, Davao del Sur",10/6/2009,930,125.182582,6.73033
Sitio Alo Farmers MPC,"Sitio Alo, brgy. Darapuay, Bansalan, Davao del Sur",10/21/2008,1130,125.201108,6.897682
Brgy. Talaguton Food Terminal Association,"Brgy. Talaguton, Don Marcelion, Davao del Sur",2/26/2011,125,125.662186,6.259516
Tinungtungan MPC,"Brgy. Tinuntungan, Bansalan, Davao del Sur",11/27/2008,559,125.205566,6.79085
B-LGU,"Brgy. Upper Bala, Magsaysay, Davao del Sur",10/24/2008,500,125.139092,6.808986
Anagasi Farmers Multipurpose Cooperative ,"Sitio Anagasi Brgy. Casoon, Monkayo Compostela Valley",11/15/2011,442,125.980553,7.839667
B-LGU,"Brgy. Managa, Bansalan, Davao del Sur",10/30/2008,300,125.238132,6.753175
B-LGU,"Brgy. Managa, Bansalan, Davao del Sur",10/30/2008,300,125.238132,6.753175
Lower Marber Irrigators Cooperative,"Brgy. New Clarin, Bansalan, Davao del Sur",11/14/2008,-,125.195506,6.789476
Haguimitan Integrated Cooperative (HICO),"Purok 1 Haguimitan Monkayo, Compostela Valley",12/7/2010,993,126.067429,7.84863
Dynamic Vegetable Growers Association ,"Purok 4, Matina Biao, Davao City",3/4/2010,10000,125.53957,7.138793
Pasian Livelihood Ladies Cooperative ,"Purok 1A Pasian Monkayo, Compostela Valley",11/1/2011,10000,126.076477,7.924216
Nabok Development Cooperative,"Nabok, Monkayo, Compostela Valley",5/28/2011,1147,126.100211,7.746171
Rizal United Farmers Communal Irrigators Association,"Brgy. Rizal, Monkayo, Compostela Valley",5/28/2011,976,126.121947,7.889409
San Isidro Samahang Nayon PrimaryMultipurpose Cooperative,"San Isidro,Nabunturan, Compostela Valley",9/1/2010,250,125.965242,7.603537
B-LGU,"Brgy. Ban-ao,  Baganga Davao Oriental",7/27/2010,922,126.537094,7.633075
BFT Lamiawan FarmersÍ Vendors Association,"Brgy. Lamiawan, Caraga, Davao Oriental",3/5/2010,432,126.541901,7.31752
B-LGU,Brgy. San Jose Caraga Davao Oriental,9/1/2010,805,126.541901,7.31752
San Isidro Multi-Purpose Farmers Association,Brgy. San Isidro Baganga Davao Oriental,12/10/2009,2376,126.537094,7.633075
B-LGU,Brgy. Mahan-ub Baganga Davao Oriental,1/27/2010,942,126.537094,7.633075
Badian Resource Development MPC (BREVAMCO)  ,"Brgy. Banhigan, Badian, Cebu ",10/28/2011,2833,123.526607,9.865569
Brgy. LGU ,"Brgy. Rizal, Pilar, Bohol ",8/8/2010,1330,124.33255,9.836442
Alcantara Government Workers MPC ,"Brgy. Poblacion, Alcantara,Cebu ",7/28/2009,2464,123.404509,9.97095
Brgy. LGU ,"Brgy. San Isidro, San Fernando, Cebu ",2/21/2012,10987,123.721453,10.176323
Brgy. LGU ,"Brgy. Balud, San Fernando, Cebu  ",9/8/2011,5417,123.694825,10.14816
ALTAMCO (Alang sa Tanan MPC) ,"Brgy. Olo, Siquijor ",7/21/2009,4655,123.551808,9.215145
Cambinocot Multi-Purpose Cooperative ,"Brgy. Cambinocot, Cebu City ",10/10/2015,159762,123.902511,10.465623
MLGU thru MAO Rene Amores ,"Brgy. Poblacion, San Jose, Negros Oriental ",4/13/2011,3450,123.240538,9.412797
Cadena De Amor Rural Improvement Club ,"Brgy. Talisay, Daan Bantayan, Cebu City ",7/8/2009,14651,124.055789,11.244905
Catibes II Guba Farmers Association ,"Brgy. Mambaling, Cebu City ",8/26/2009,2500,123.879517,10.287282
Little Salvacion MPC ,"Brgy. Candaping, Maria, Siquijor ",3/9/2011,2595,123.658135,9.163537
Kalubihan Riverside MPC (KARIMCO) ,"Brgy. Sambag II, Cebu City ",12/7/2007,16543,123.890657,10.305902
MLGU ,"Brgy. Poblacion, Guindulman, Bohol ",3/25/2011,6471,124.494086,9.819195
BLGU ,"Brgy. Camangki, Enrique Villanueva, Siquijor ",11/12/2010,1176,123.636909,9.265457
Active Beginners Club ,"Brgy. North Poblaciong, Larena, Siquijor ",11/11/2011,1800,123.590995,9.24915
Mabuhay Small Fisherman Association  ,"Brgy. Mabuhay, Sto. Catalina, Negros Oriental ",12/10/2010,14526,122.943767,9.28676
BLGU ,"Brgy. Campalanas, Lazi, Siquijor ",3/10/2011,1300,123.570004,9.11445
KASANAG Credit Coop ,"Brgy. Poblacion, Guihulngan, Negros Oriental",12/8/2010,53771,123.2677,10.127061
Catulayan Community MPC ,"Brgy. Catulayan, San Juan, Siquijor ",11/11/2010,2636,123.542008,9.131632
Valencia Community Development Coop ,"Brgy. Cadiocan, Valencia, Negros Oriental ",11/19/2010,5587,123.191372,9.281043
Brgy. Council ,"Brgy. Tumalalod, Dumarao, Capiz ",5/12/2015,424,122.760201,11.241126
MLGU ,"Numancia Public Market,Numancia, Aklan ",4/14/2010,5514,121.941261,10.748907
MLGU ,"Trade Town Public Market, San Jose de Buena ViSto., Antique ",12/8/2008,9652,121.934867,10.755725
Brgy. Council ,"Brgy. San Pedro, San Jose de BuenaviSto., Antique ",10/15/2007,2340,121.95112,10.805959
MLGU ,"Sebaste Public Market, Antique ",4/12/2011,2232,122.096735,11.59234
Brgy. Council ,"Brgy. Poblacion,Moises Padilla ",11/1/2011,2882,123.083336,10.266666
Brgy. Council ,"Brgy. Tanza, E.B. Magalona, Negros Occ. ",2/12/2015,4200,123.083336,10.266666
Brgy. Council ,"Brgy. Talento, Tubungan, Iloilo ",9/1/2010,327,122.294998,10.798909
Brgy. Council ,"Brgy. Jolason, Tubungan, Iloilo ",9/1/2010,314,122.29929,10.783564
MLGU c/o MAO and Municipal Planning,"Brgy. Igmaya-an, Don Salvador Benedicto, Negros Occidental ",2/1/2012,4177,123.185829,10.566926
Brgy. Council ,"Brgy. Navillan, Tubungan, Iloilo ",9/10/2015,455,122.30032,10.791153
MLGU,"Dumangas , Iloilo ",11/11/2015,12433,122.695547,10.84841
MLGU,"Brgy. Poblacion, Bingawan, Iloilo ",6/11/2015,13000,122.593828,11.205287
Banao Farmers Association Inc.,"Del Rosario, Banao, Iriga City, Camarines Sur",3/1/2012,150,123.453768,13.397597
Brgy. LGU,"Brgy. Panaytayan, Ragay, Camarines Sur",7/1/2005,200,122.782783,13.857558
Libmanan Culantura Prod. Cooperative,"San Isidro, Libmanan, Camarines Sur",2/1/2012,500,123.009949,13.667552
BLGU _ Sto. Nino,"San Antonio, Iriga City, Camarines Sur",6/1/2008,1896,123.41873,13.36644
"Gawad-Kalinga Libmanan, Puna Village, Libmanan","Sitio Pagara, GK Bahay, Libmanan, Camarines Sur",6/1/2010,2826,123.01757,13.657058
Gawad-Kalinga Cabusao Multipurpose Cooperative,"San Rafael, GK Village, Castillo, Cabusao, Camarines Sur",11/1/2008,1605,122.987569,13.700949
BLGU _ San Jose,"San Jose, Nabua, Camarines Sur",7/1/2009,1878,123.385081,13.411581
Nabua Development Multipurpose Cooperative,"Paloyon Proper, Nabua, Camarines Sur",12/1/2010,1200,123.378069,13.376234
Sto. Justina Farmers Irrigators Association,"Brgy. Sto. Justina West, Buhi, Camarines Sur",3/1/2010,2579,123.474877,13.401463
BLGU _ San Antonio,"San Antonio, Iriga City, Camarines Sur",6/1/2011,3369,123.41873,13.36644
BLGU _ Malawag,"Malawag, Nabua, Camarines Sur",12/1/2009,2881,123.2981,13.356694
 La Purisima Nabua Neighborhood Association (LABUNAFANE),"La Purisima, Nabua, Camarines Sur",6/1/2010,1468,123.278449,13.412338
San Antonio Farmers Irrigators Association Multipurpose Cooperative,"Brgy. San Antonio, Buhi, Camarines Sur",7/1/2010,4243,123.516512,13.435873
Bantay-Dagat Development Cooperative,"Brgy. BuenaviSto., Tinambac, Camarines Sur",12/1/2009,1780,123.40098,13.924191
MAPADABBA Ca Producers Cooperative,"Cagliliog, Tinambac, Camarines Sur",3/1/2012,1000,123.291082,13.900151
Samahan ng Manggagawa at Mangingisda ng Banocboc,"Sitio Sogod, Banocboc, Calaguas Island, Vinzons, Camarines Norte",2/1/2012,2034,122.937868,14.473298
BLGU-Canapawan,"Canapawan, Labo, Camarines Norte",3/1/2009,2830,122.554243,14.175892
Municipal LGU   ,"San Vicente, Viga, Catanduanes  ",6/1/2011,175,124.308567,13.868534
Countryside Agrarian Reform Beneficiaries Multipurpose Coopertive,"Maulawin, Sto. Elena, Camarines Norte",2/1/2012,145,122.380096,14.165803
BLGU _ Nabungsoran,"Brgy. Nabungsuran, Aroroy, Masbate",1/1/2011,4045,123.395691,12.510325
BLGU _ Poblacion,"Brgy. Poblacion, Aroroy, Masbate",1/1/2009,1852,123.395691,12.510325
Mauswagan Credit Cooperative (MACRECO),"Brgy. Poblacion, Palanas, Masbate",3/1/2012,519,123.783919,12.223506
BLGU _ Sto. Lucia,"Sto. Lucia, Nabua, Camarines Sur",6/1/2008,1554,123.381491,13.420277
BLGU _ San Jacinto,"District 1, San Jacinto, Ticao, Masbate",11/1/2011,270,123.684699,12.537074
BLGU _ Batuan,"Poblacion, Batuan, Masbate",8/1/2011,2517,123.780513,12.420761
Municipal LGU     ,"District 3, San Miguel, Catanduanes   ",-,24,124.27411,13.642706
Spiritual and Material Integrated Farmers and Fisherfolk Association ," San Vicente, Pandan,  Catanduanes",7/1/2010,55,124.247931,14.011826
Brgy. LGU,"Brgy. Sto. Lutgarda, Cabusao, Camarines Sur",5/1/2010,320,123.090154,13.735051
"Diocese of Virac Social Action Foundation, Inc (DVSAFI)","Bigaa, Virac, Catanduanes",2/10/2011,377,124.189347,13.594758
Caramoran Employees Credit Cooperative  ,"Brgy. Baybay, Caramoran, Catanduanes  ",3/1/2012,90,124.132331,13.98767
Brgy. LGU    ,"Ilawod Poblacion, Bato, Catanduanes  ",7/1/2011,92,124.298065,13.606225
Brgy. LGU   ,"San Roque, Bato, Catanduanes ",2/1/2010,104,124.32826,13.603072
Municipal LGU  ,"District 2, Gigmoto,  Catanduanes",6/16/2001,533,124.379603,13.780854
Brgy. LGU,"Brgy. Mapanique, San Pascual, Masbate",7/1/2010,100,123.060102,13.039778
MLGU _ Calabanga,"Public Market, Calabanga, Camarines Sur",7/1/2011,-,123.214443,13.706003
Maliliit na Sambayanang Simbahan Diocesa MPC. (MSSD MPC),"Camambugan, Daet, Camarines Norte",2/1/2011,50,122.946584,14.108479
Bagamanok Municipal Employees Association (BAGMEA),"Brgy. Poblacion, Bagamanok, Catanduanes",2/1/2011,174,124.139286,13.99283
Brgy. LGU,"Brgy. Malaking Ilog, San Pascual, Masbate",2/1/2010,140,123.053292,12.998896
BFT _ Batobalani,"Batobalani, Paracale, Camarines Norte",2/1/2009,3635,122.739899,14.2357
BFT _ Pambuhan,"Pambuhan, Mercedes, Camarines Norte",5/1/2009,2565,123.050763,13.988692
Brgy. LGU,"Brgy. San Rafael, Castilla, Sorsogon",6/1/2011,800,123.822107,12.970696
Brgy. LGU,"Brgy. Otavi, Bulan Sorsogon",3/1/2011,30,123.908787,12.642192
Bulan LGU,"Bulan, Sorsogon",7/1/2011,-,123.887734,12.664994
Tabunan BLGU ,"Tabunan, Matnog, Sorsogon ",3/1/2012,250,124.082934,12.580026
LGU-Legaspi City,"Gogon, Legaspi City",1/1/2012,-,123.744788,13.156735
Brgy. LGU,"Brgy. Inarara, Bulan, Sorsogon",3/1/2010,41,123.871825,12.701449
Brgy. LGU,"Brgy. San Francisco, Bulan, Sorsogon",5/1/2010,30,123.916456,12.719824
Punong Brgy. Remedios R. Mar,"Muladbucad Pequeno, Guinobatan, Albay",3/1/2010,1973,123.620375,13.25137
BLGU _ Palapas,"Palapas, Piudaran, Albay",5/1/2010,1178,123.474785,13.10776
BFT _ Itaran,"Itaran, Polangi, Albay",4/1/2010,2826,123.497198,13.354782
Kababaihan ng Brgy. Poblacion 6,"Brgy. Poblacion 6, Coron, Palawan",4/26/2012,2975,120.201412,12.009776
DA-Palawan Agricultural Experiment Sto.tion MPC,"DA-PAES Compound, Brgy. Sto. Monica, Puerto Princesa City",-,47620,118.737197,9.782935
Municipal Market Administrator,"Brgy. Poblacion, Looc, Romblon",6/28/2010,3265,121.991697,12.259158
Municipal Market Administrator,"Brgy. Poblacion, Odiongan, Romblon ",7/29/2009,8628,121.982102,12.404472
Brgy. Council,"Brgy. Napo, Sto. Cruz, Marinduque",3/14/2011,2852,122.075426,13.43664
Brgy. Council,"Brgy. Caigangan, BuenaviSto., Marinduque",9/15/2011,1476,121.931827,13.259119
Brgy. Council,"Brgy. Taytay, Sto. Cruz, Marinduque",3/14/2011,1276,122.080904,13.419048
Municipal Agriculture Office (MAO),"Brgy. Bulao, Abra de Ilog, Occidental Mindoro",2/1/2012,978,120.757983,13.363832
Municipal LGU through the Municipal Agriculture Office (MAO),"Brgy. Malbog, BuenaviSto., Marinduque",9/15/2011,4489,121.943611,13.253889
Brgy. Council,"Brgy. Landy, Sto. Cruz, Marinduque",3/14/2011,2060,122.007542,13.491317
Municipal Agriculture Office (MAO),"Brgy. Poblacion, Abra de Ilog, Occidental Mindoro",2/1/2012,3480,120.726501,13.444883
Magsaysay Onion Growers MPC ,"Brgy. Poblacion, Magsaysay, Occidental Mindoro",6/28/2010,2582,121.1424,12.310043
Brgy. Council,"Brgy. Bayanan, Pola, Oriental Mindoro",9/7/2011,2265,121.443467,13.203994
Calumpit MPC,"Sitio Calumpit, Brgy. San Vicente, Sablayan, Occidental Mindoro",1/1/2012,383,120.831971,12.883463
Samahan ng Maliliit na Mangingisda ng Passi 2,"Brgy. Passi II, Socorro, Oriental Mindoro",3/25/2010,363,120.934024,13.504986
Brgy. Council,"Brgy. Balatero, Puerto Galera, Oriental Mindoro",4/1/2010,1795,120.934024,13.504986
Municipal Market Administrator,"Brgy. Poblacion, Pinamalayan, Oriental Mindoro",2/10/2011,15928,121.483394,13.037971 |
Murtha Sa Kaunlaran Free Farmers Cooperative,"Brgy. Murtha, San Jose, Occidental Mindoro",5/12/2011,2440,121.345128,13.288029
Aplaya WomenÍs Association,"Sitio Rizal, Brgy. Poblacion, Bulalacao, Oriental Mindoro",6/28/2010,1575,121.33619,12.344397
"Biyaheros, Biyaheras Upland Farmers Association","Brgy. Poblacion 3, Naujan, Oriental Mindoro",Jan-11 (re-opened),5106,121.298398,13.317714
Tabon Rural Agricultural Development Association,"Brgy. Tabon, Quezon, Palawan",3/1/2012,3532,117.981411,9.279985
Municipal Agriculture Fishery Council/Villa-Flor Vegetable Growers Assn,"Brgy. Poblacion, Puerto Galera, Oriental Mindoro",9/13/2011,3190,120.938444,13.488627
Fruit and Vegetable Growers Association of Gloria,"Brgy. Maligaya, Gloria, Oriental Mindoro",2/10/2010,2388,121.478016,12.970151
Brgy. Council,"Brgy. Malatgao, Narra, Palawan",2/21/2012,2644,118.468878,9.314844
BrookeÍs Point Vegetable Growers Association,"Brgy. Poblacion 2, BrookeÍs Point, Palawan",12/8/2010,2021,117.823816,8.777232
Brgy. Council,"Brgy. Barcenaga, Naujan, Oriental Mindoro",9/1/2011,2440,121.235504,13.274574
Brgy. Council,"Tabuan Center, Brgy. Abo-abo, Sofronio Espanola, Palawan",7/2/2005,7383,118.111596,9.15604
Agri-Producers Marketing Association of Puerto Princesa City,"Brgy. San Jose (Poblacion), Puerto Princesa City, Palawan",7/15/2010,44010,118.754782,9.803909
Brgy. Council,"Brgy. Inirawan, Puerto Princesa City, Palawan",1/1/2011,7443,118.713048,9.830565
Life Agri-Venture MPC,"Brgy. Santa Monica, Puerto Princesa City, Palawan",6/14/2008,2350,118.734334,9.794694
"Biyaheros, Biyaheras Upland Farmers Association","Brgy. Poblacion 3, Naujan, Oriental Mindoro",Jan-2012 (re-opened),5106,121.298398,13.317714
Samahang Maggugulay ng Sofronio Espanola Federation,"Brgy. Pulot Center, Sofronio Espanola, Palawan",12/16/2011,2348,117.990786,8.960673
Roxas Rice Seed Growers,Roxas Rice Seed Growers,5/11/2012,11103,121.6169,17.103077
Cagbo-aya RIC,"Brgy. Poblacion, San Agustin, Romblon",8/25/2010,316,121.955843,12.063438
Christian Farmers Multi-Purpose Cooperative,"Brgy. Catabayungan, Cabagan, Isabela",1/1/2008,409,121.775497,17.433833
Brgy. Council of Calamagui 1st,"Brgy. Calamagui 1st, Ilagan, Isabela",6/27/2008,811,121.866887,17.139676
Brgy. Council of Minante 1st,"Brgy. Minante 1, Cauayan, Isabela",6/25/2008,1381,121.759438,16.916312
Villa Luna Multi-Purpose Cooperative,"Brgy. Villa Luna, Cauayan, Isabela",5/19/2011,3160,121.814073,16.949753
Brgy. Council of Villa Luz,"Brgy. Villa Luz, Benito Soliven, Isabela",2/27/2009,1978,121.949985,16.983471
Isabela Green Ladies Organization,"Brgy. Yeban Norte, Benito Soliven, Isabela",4/16/2011,1600,121.941228,17.02141
Brgy. Council of Minanga,"Brgy. Minanga, San Mariano, Isabela",2/25/2009,8200,122.016223,16.992796
Brgy. Council of Maranao,"Brgy. Maranao, San Mariano, Isabela",11/26/2010,1470,122.129184,16.878279 |
"SAMAKABRAI(Samahan ng mga Kababaihan ng Rizal, Alicia, Isabela)","Brgy. Rizal, Alicia, Isabela",5/18/2011,2494,121.673759,16.834839
Brgy. Council of Bantug Petines,"Brgy. Bantug Petines, Alicia, Isabela",5/18/2010,980,121.599784,16.797312
Brgy. Council of Callao,"Brgy. Callao, Alicia, Isabela",3/10/2009,2955,121.672511,16.791451
Brgy. Council of Villa Marzo,"Brgy. Villa Marzo, Cordon, Isabela",6/9/2010,1663,121.477039,16.705673
Federation of Vegetable Growers,"Brgy. Ambalatungan, Santiago City, Isabela",4/21/2010,770,121.532222,16.693873
Federation of Vegetable Growers,"Brgy. Nabuan, Santiago City, Isabela",4/22/2010,3502,121.578384,16.666355
Brgy. Council of Rang-Ayan,"Brgy. Rang-Ayan, Angandanan, Isabela",3/11/2009,2263,121.795087,16.834648
Brgy. Council of Guam,"Brgy. Guam, San Guillermo, Isabela",3/17/2009,733,121.907486,16.713419
Brgy. Council of Imelda Bliss,"Brgy. Imelda Bliss, Ilagan, Isabela",6/10/2008,1338,121.874357,17.118539
Ilagan Association of Women,"Brgy. Bintacan, Ilagan, Isabela",3/12/2009 (turn-over last 11/8/11),674,121.974899,17.11352
Brgy. Council of Minanga Norte,"Brgy. Minanga Norte, San Pablo, Isabela",10/20/2008,616,121.781815,17.441875
Brgy. Council of Auitan,"Brgy. Auitan San Pablo, Isabela",10/20/2008,685,121.775497,17.433833
Brgy. Council of Linao East,"Brgy. Linao East,Tuguegarao City",1/11/2008,1520,121.73649,17.62756
Brgy. Council of Pinopoc,"Brgy. Pinopoc, Alcala, Cagayan",6/18/2008,507,121.699594,17.909359
Mauan WomenÍs Marketing Cooperative,"Brgy. Mauan Bambang, Nueva Vizcaya",12/29/2010,786,121.098647,16.407599
Saint Joseph Parish Multi-Purpose Cooperative,"Brgy. Belance, Dupax Del Norte, Nueva Vizcaya",12/28/2010,720,121.23874,16.196156
KINGBIKS FARMERS COOP.,"Brgy. Kinabuan, Dupax Del Sur, Nueva Vizcaya",3/23/2012,1050,121.155742,16.236728
RIC,"Brgy. Centro, Sto. Ana, Cagayan",8/8/2008,1000,122.141812,18.449448
Sto.Domingo Multi-Purpose Cooperative,"Brgy. Sto. Domingo, Baggao, Cagayan",3/25/2010,1000,121.947311,17.914235
Brgy. Council of Imurung,"Brgy. Imurung, Baggao, Cagayan",-,1392,121.9114,17.923901
Brgy. Council of Remus,"Brgy. Remus, Baggao, Cagayan",11/12/2010,1229,121.907432,17.973958
Nangalisan Credit Coopertive(NACRECO),"Brgy. Nangalisan Bagabag, Nueva Vizcaya",11/25/2010,1118,121.208259,16.63025
Brgy. Council of Ineangan,"Brgy. Ineangan, Dupax Del Norte, Nueva Vizcaya",3/24/2010,1076,121.091641,16.317095
Brgy. Council of Decabacan,"Brgy. Decabacan, Diadi, Nueva Vizcaya",2/18/2012,655,121.340904,16.630271
Rural Improvement Club(RIC),"Brgy.Poblacion Ambaguio, Nueva Vizcaya",2/27/10 (turn-over to RIC 2/27/12),300,121.178732,16.516504
Dept.of Agri.Multi-Purpose Coop.(RFU2),"Brgy. San Gabriel, Tuguegarao City",1/18/2008,1654,121.722261,17.621712
Brgy. Council of Cataggaman,"Brgy. Cataggaman Nuevo, Tuguegarao City",7/18/2008,2010,121.70186,17.599802
Brgy. Council of Gosi Norte,"Brgy. Gosi Norte, Tuguegarao City",8/28/2008,584,121.767985,17.592655
Coop managed Solana west Farmers Coop (SOWESFACO),"Brgy. Ubong, Western Solana, Cagayan",7/7/2011,1353,121.767985,17.592655
Brgy. Council of Niug Sur,"Brgy. Niug Sur, Sto.Nino, Cagayan",7/7/2011,2235,121.556981,17.840407
Brgy. Council of Tabang,"Brgy. Tabang, Sto.Nino, Cagayan",3/18/2009,580,121.556981,17.840407
RIC,"Brgy. Taggat Norte, Cagayan",3/18/2009,2973,121.050231,18.615155
Municipal Council of Sto.Praxedes,"Brgy. Centro 2, Sto. Praxedes, Cagayan",6/8/2010,1292,121.72489,17.610502
Masisit Fishery Based Multi-purpose Coop,"Brgy. Masisit, Sanchez Mira, Cagayan",4/16/2010,1534,121.220537,18.586343
RIC,"Brgy. Dagueray, Sanchez Mira, Cagayan",4/17/2009,950,121.267891,18.542691
Sto.Nino RIC,"Brgy. Abbariongan, Sto.Nino, Cagayan",7/23/2008,344,121.491318,17.912669
Federation of Vegetable Growers,"Brgy. Cabulay, Santiago City, Isabela",4/23/2010,2335,121.578465,16.736432
Rural Improvement Club,"Brgy. Balintocatoc, Santiago City, Isabela",4/21/2010,460,121.585901,16.614936
Bannawag Norte RIC,"Brgy. Bannawag Norte, Santiago City, Isabela",4/23/2010,460,121.585901,16.614936
Rural Improvement Club,"Brgy. San Jose, Santiago City, Isabela",6/10/2010,636,121.548614,16.692778
Diffun Saranay and Dev't Cooperative (DISADECO),"Brgy. Andres Bonifacio, Diffun, Quirino",1/18/2011,1188,121.503132,16.594313
Brgy. Council of Dipantan,"Brgy. Dipantan, Nagtipunan, Quirino",6/11/2010,3129,121.647526,16.265557
Brgy. Council of San Bernabe,"Brgy. San Bernabe, Maddela, Quirino",4/19/2010,3129,121.699477,16.368415
Brgy. Council of Ricarte Sur,"Brgy. Ricarte Sur, Diffun, Quirino",7/8/2011,463,121.482751,16.532201
Brgy. Council of Magsaysay,"Brgy. Magsaysay, Diffun, Quirino",6/17/2010,710,121.445001,16.522418
Brgy. Council of Kayuganan,"Brgy. Kayuganan, Uyugan, Batanes",5/28/2011,800,121.937356,20.359425
"Ivana WomenÍs Employee,s","Brgy. Poblacion, Ivana, Batanes",6/26/2011,765,121.930245,20.378059
Municipal Council of Mahatao,"Brgy. Poblacion, Mahatao, Batanes",5/20/2010,796,121.952999,20.405156
Provincial Council of Batanes,"Brgy. Ihubok II, Basco, Batanes",5/19/2010,3939,121.978592,20.439592
Sto. Barbara Sweet Carabao Mango Association,"Brgy. Tebag West, Sto. Barbara, Pangasinan",12/10/2010,3751,120.459497,15.983938
Kababaihan tungo sa Kaunlaran Multi-Purpose Cooperative,"Brgy. Telbang, Alaminos, Pangasinan",3/18/2009,1566,120.052079,16.163991
Santiago Sur Farmers and Fishermen Consumer,"Brgy. Santiago Sur, Caba, La Union",2/2/2011,1210,120.349708,16.422736
Sekdar Tan Ilalo Farmers Cooperative,"Brgy. Pagal Bliss, San Carlos City, Pangasinan",2/10/2011,4223,120.34803,15.931799
Municipal LGU,"Brgy. Poblacion, Binalonan, Pangasinan",3/23/2011,54873,120.591919,16.049588
Brgy. LGU,"Brgy. Amansabina, Mangaldan, Pangasinan",3/12/2010,1800,120.400547,16.068211
Paringao Rural Improvement Club,"Brgy. Paringao, Bauang, La Union",4/1/2011,43599,120.322716,16.566853
Brgy. Council of San Francisco Sur,"Brgy. San Francisco Sur, Sudipen, La Union",11/23/2011,1375,120.454225,16.826704
Filipino Farmers Tigergrass Grower Multi-Purpose,"Brgy. Baay, Bagulin, La Union",-,2504,120.483894,16.582373
Municipal LGU,"Brgy. Poblacion Este, Sto. Cruz, Ilocos Sur",2/8/2011,3085,120.456148,17.083007
San Pablo Multi-Purpose Progreso Cooperative,"No. 20 Brgy. San Pablo, San Nicolas, Ilocos Norte",11/18/2011,1387,120.5923,18.176487
Brgy. Council of Nagbacalan,"No. 22 Nagbacalan, Paoay, Ilocos Norte",12/1/2012,2655,120.527471,18.113539
Parada Rural Improvement Club,"Brgy. San Pablo, Sto. Domingo, Ilocos Sur",7/18/2011,1000,120.410024,17.639451
